time,cell_0,cell_1,cell_2,cell_3,cell_4,cell_5,cell_6,cell_7,cell_8,cell_9,cell_10,cell_11,cell_12,cell_13,cell_14,cell_15,cell_16,cell_17,cell_18,cell_19,cell_20,cell_21,cell_22,cell_23,cell_24,cell_25,cell_26,cell_27,cell_28,cell_29,cell_30,cell_31,cell_32,cell_33,cell_34,cell_35,cell_36,cell_37,cell_38,cell_39,cell_40,cell_41,cell_42,cell_43,cell_44,cell_45,cell_46,cell_47,cell_48,cell_49,cell_50,cell_51,cell_52,cell_53,cell_54,cell_55,cell_56,cell_57,cell_58,cell_59,cell_60,cell_61,cell_62,cell_63,cell_64,cell_65,cell_66,cell_67,cell_68,cell_69,cell_70,cell_71,cell_72,cell_73,cell_74,cell_75,cell_76,cell_77,cell_78,cell_79,cell_80,cell_81,cell_82,cell_83,cell_84,cell_85,cell_86,cell_87,cell_88,cell_89,cell_90,cell_91,cell_92,cell_93,cell_94,cell_95,cell_96,cell_97,cell_98,cell_99,cell_100,cell_101,cell_102,cell_103,cell_104,cell_105,cell_106,cell_107,cell_108,cell_109,cell_110,cell_111,cell_112,cell_113,cell_114,cell_115,cell_116,cell_117,cell_118,cell_119,cell_120,cell_121,cell_122,cell_123,cell_124,cell_125,cell_126,cell_127
0.000000000000000000e+00,0.000000000000000000e+00,0.000000000000000000e+00,0.000000000000000000e+00,0.000000000000000000e+00,0.000000000000000000e+00,0.000000000000000000e+00,0.000000000000000000e+00,0.000000000000000000e+00,0.000000000000000000e+00,0.000000000000000000e+00,0.000000000000000000e+00,0.000000000000000000e+00,0.000000000000000000e+00,0.000000000000000000e+00,0.000000000000000000e+00,0.000000000000000000e+00,0.000000000000000000e+00,0.000000000000000000e+00,0.000000000000000000e+00,0.000000000000000000e+00,0.000000000000000000e+00,0.000000000000000000e+00,0.000000000000000000e+00,0.000000000000000000e+00,0.000000000000000000e+00,0.000000000000000000e+00,0.000000000000000000e+00,0.000000000000000000e+00,0.000000000000000000e+00,0.000000000000000000e+00,0.000000000000000000e+00,0.000000000000000000e+00,0.000000000000000000e+00,0.000000000000000000e+00,0.000000000000000000e+00,0.000000000000000000e+00,0.000000000000000000e+00,0.000000000000000000e+00,0.000000000000000000e+00,0.000000000000000000e+00,0.000000000000000000e+00,0.000000000000000000e+00,0.000000000000000000e+00,0.000000000000000000e+00,0.000000000000000000e+00,0.000000000000000000e+00,0.000000000000000000e+00,0.000000000000000000e+00,0.000000000000000000e+00,0.000000000000000000e+00,0.000000000000000000e+00,0.000000000000000000e+00,0.000000000000000000e+00,0.000000000000000000e+00,0.000000000000000000e+00,0.000000000000000000e+00,0.000000000000000000e+00,0.000000000000000000e+00,0.000000000000000000e+00,0.000000000000000000e+00,0.000000000000000000e+00,0.000000000000000000e+00,0.000000000000000000e+00,1.000000000000000000e+00,0.000000000000000000e+00,0.000000000000000000e+00,0.000000000000000000e+00,0.000000000000000000e+00,0.000000000000000000e+00,0.000000000000000000e+00,0.000000000000000000e+00,0.000000000000000000e+00,0.000000000000000000e+00,0.000000000000000000e+00,0.000000000000000000e+00,0.000000000000000000e+00,0.000000000000000000e+00,0.000000000000000000e+00,0.000000000000000000e+00,0.000000000000000000e+00,0.000000000000000000e+00,0.000000000000000000e+00,0.000000000000000000e+00,0.000000000000000000e+00,0.000000000000000000e+00,0.000000000000000000e+00,0.000000000000000000e+00,0.000000000000000000e+00,0.000000000000000000e+00,0.000000000000000000e+00,0.000000000000000000e+00,0.000000000000000000e+00,0.000000000000000000e+00,0.000000000000000000e+00,0.000000000000000000e+00,0.000000000000000000e+00,0.000000000000000000e+00,0.000000000000000000e+00,0.000000000000000000e+00,0.000000000000000000e+00,0.000000000000000000e+00,0.000000000000000000e+00,0.000000000000000000e+00,0.000000000000000000e+00,0.000000000000000000e+00,0.000000000000000000e+00,0.000000000000000000e+00,0.000000000000000000e+00,0.000000000000000000e+00,0.000000000000000000e+00,0.000000000000000000e+00,0.000000000000000000e+00,0.000000000000000000e+00,0.000000000000000000e+00,0.000000000000000000e+00,0.000000000000000000e+00,0.000000000000000000e+00,0.000000000000000000e+00,0.000000000000000000e+00,0.000000000000000000e+00,0.000000000000000000e+00,0.000000000000000000e+00,0.000000000000000000e+00,0.000000000000000000e+00,0.000000000000000000e+00,0.000000000000000000e+00,0.000000000000000000e+00,0.000000000000000000e+00
3.051757812500000000e-04,6.270944111671782275e-17,8.650985967061596094e-17,1.431175210428558982e-16,2.539434662052561129e-16,4.608745597949064198e-16,8.420508305978560795e-16,1.541268519603608209e-15,2.822028869468251378e-15,5.166464288398409584e-15,9.456122620738196151e-15,1.730209575541568082e-14,3.164754780391098549e-14,5.786689068789198709e-14,1.057700413487893831e-13,1.932552604395041943e-13,3.529632567409850626e-13,6.443921191324728410e-13,1.175942508286656163e-12,2.145009567225185355e-12,3.910850973471321153e-12,7.126942351638381116e-12,1.298122314812100602e-11,2.363187356770415390e-11,4.299717380995384278e-11,7.818602416173666949e-11,1.420866171879530670e-10,2.580467757271724178e-10,4.683281162782942651e-10,8.493617168333925160e-10,1.539247964783194686e-09,2.787271490740849273e-09,5.042947073360474405e-09,9.115947698107230672e-09,1.646293485241030487e-08,2.970120761564677549e-08,5.352702397795480405e-08,9.635448359022630426e-08,1.732346768668512601e-07,3.110441637792661010e-07,5.576853909088429721e-07,9.983591308060012104e-07,1.784262503689810124e-06,3.183038875239699678e-06,5.667148009477594767e-06,1.006802966053747334e-05,1.784379791449448513e-05,3.154159139405548703e-05,5.559116123609141708e-05,9.765702504440425757e-05,1.709221497980429217e-04,2.979037872252122878e-04,5.167448552252549513e-04,8.914112101997779874e-04,1.527849761293932152e-03,2.598799380916609614e-03,4.380151834492489529e-03,7.300313253662159101e-03,1.199791264902243769e-02,1.936547929153668163e-02,3.051185022604783678e-02,4.647042924435050570e-02,6.724249056910483469e-02,8.924482558903626406e-02,9.911964615795514078e-02,7.437485510586812343e-02,6.075266300005279646e-02,4.734507770748942745e-02,3.574671793170911688e-02,2.638208947465666906e-02,1.913932194849964075e-02,1.370000575877750038e-02,9.701538967663698304e-03,6.809659166423897257e-03,4.744677183566822429e-03,3.285276608297333246e-03,2.262586505512649126e-03,1.551009064772017722e-03,1.058888080231803206e-03,7.203095659376558199e-04,4.884210008243801198e-04,3.302334608616232584e-04,2.227015920462646419e-04,1.498329703996781727e-04,1.005924071288958786e-04,6.740261797528440527e-05,4.508293204192294281e-05,3.010461500097926234e-05,2.007216279991132202e-05,1.336423272208820895e-05,8.886404388180496356e-06,5.901728807541378317e-06,3.915061915304270352e-06,2.594393969661739121e-06,1.717512330832011784e-06,1.135943122971968549e-06,7.506369493930810450e-07,4.956119022004051827e-07,3.269730460777584258e-07,2.155554460489530285e-07,1.420037477322277040e-07,9.348673958869507311e-08,6.150693623945576643e-08,4.044226463977986416e-08,2.657642699518463060e-08,1.745496850762836683e-08,1.145812896207758439e-08,7.517796979995867428e-09,4.930139049751311254e-09,3.231679401247050012e-09,2.117416015092278662e-09,1.386758200786106878e-09,9.078608559633930536e-10,5.941127380209340232e-10,3.886478608690933137e-10,2.541490252136444109e-10,1.661395339241535964e-10,1.085724666080247136e-10,7.093229110504023310e-11,4.633133331591936285e-11,3.026031458272516792e-11,1.976867853725461180e-11,1.292720930308509995e-11,8.476010586824274910e-12,5.594205930119847246e-12,3.749636074969117164e-12,2.601267446786069322e-12,1.936561518772995306e-12,1.632394146328735603e-12
6.103515625000000000e-04,4.341517448950023036e-15,5.826027321911472508e-15,9.298045684950200472e-15,1.593225515328532242e-14,2.796830272014789486e-14,4.945877598765814268e-14,8.761861461279793661e-14,1.552195745135231123e-13,2.748139332533467412e-13,4.861650801640117448e-13,8.592982400795426224e-13,1.517390815030932481e-12,2.676868355986001494e-12,4.717545463959191467e-12,8.305156159131739863e-12,1.460509726382670892e-11,2.565472578419434360e-11,4.501080721778929025e-11,7.887361600633815656e-11,1.380352301220102730e-10,2.412501947684155461e-10,4.210558349099839803e-10,7.338022955205918848e-10,1.276900440067449239e-09,2.218415211654303571e-09,3.847720332415698723e-09,6.661985133827001651e-09,1.151344529744707075e-08,1.985946265730580352e-08,3.418582605543701929e-08,5.872098501401694478e-08,1.006369730090761544e-07,1.720610925821044514e-07,2.934321073872524200e-07,4.990750740829268724e-07,8.464175432343809641e-07,1.431146848736727289e-06,2.411997310484763026e-06,4.051033394946398020e-06,6.778666045381554849e-06,1.129778518084222994e-05,1.874911300368520522e-05,3.097123049816730459e-05,5.090497430585738702e-05,8.321437145922230187e-05,1.352259194598479878e-04,2.183244217993393719e-04,3.499831059931374981e-04,5.566380921752832811e-04,8.776198309093684920e-04,1.370283204059595744e-03,2.116256772045269248e-03,3.228236544460549775e-03,4.855801587752079512e-03,7.187107131585777735e-03,1.044082851382799500e-02,1.483944450296482975e-02,2.055164128430439496e-02,2.759070867702856020e-02,3.566283640778176306e-02,4.398462577195298706e-02,5.114824958258819276e-02,5.521707676548812116e-02,5.435371750210796910e-02,5.051981445619459915e-02,4.716554197437282381e-02,4.254236796633267814e-02,3.723802639985204083e-02,3.175989260897888605e-02,2.648617269927844298e-02,2.166172620341216132e-02,1.741724798954399911e-02,1.379695142085175970e-02,1.078609415770842052e-02,8.334217892529395544e-03,6.372800037950162623e-03,4.827543719476834992e-03,3.626208135760389598e-03,2.703059393166360423e-03,2.000945532288108623e-03,1.471818553316154568e-03,1.076324227944989304e-03,7.828979856112389547e-04,5.666575835305459651e-04,4.082725144113132933e-04,2.929117970904622937e-04,2.093193952668258545e-04,1.490334442361810382e-04,1.057460684008676525e-04,7.479037098390733831e-05,5.273685314851172114e-05,3.708072922668925747e-05,2.600276614223886635e-05,1.818836846145289332e-05,1.269203202518637119e-05,8.836642926877274023e-06,6.139222639057972718e-06,4.256539919357392312e-06,2.945514123177639423e-06,2.034544700397963721e-06,1.402855303172500283e-06,9.656799557704418436e-07,6.636835598469877012e-07,4.554356768675411951e-07,3.120756216668199343e-07,2.135434701961371553e-07,1.459256337724539707e-07,9.959083608216906038e-08,6.788470283334201594e-08,4.621789762931890507e-08,3.143069435408353560e-08,2.135118839856576899e-08,1.448879663545059160e-08,9.822048512679943374e-09,6.651943578436386599e-09,4.500802630240892716e-09,3.042620277904739505e-09,2.055188045730276911e-09,1.387235593632660708e-09,9.359142633727758847e-10,6.313916750339312017e-10,4.263287875162492304e-10,2.887055201884500735e-10,1.969415773666806543e-10,1.365912127854347380e-10,9.812021661795296824e-11,7.543246333456317498e-11,6.492436659238319249e-11
9.155273437500000000e-04,4.176963241450827365e-14,5.525636852777012852e-14,8.652773263329816857e-14,1.455287804128689511e-13,2.509666001977457409e-13,4.361493132730141375e-13,7.593388759047953678e-13,1.321775421777790456e-12,2.298840907717394017e-12,3.993760395271775001e-12,6.929935995864395788e-12,1.200940728373509862e-11,2.078430019308378691e-11,3.592096627025346966e-11,6.199206708274151464e-11,1.068256018551510477e-10,1.837976510484176688e-10,3.157204174341462596e-10,5.414203005514637061e-10,9.268400521597081869e-10,1.583728382052299093e-09,2.701017311363280148e-09,4.597350010786539879e-09,7.808750112379929544e-09,1.323447345585831723e-08,2.237882974784376107e-08,3.775067012535051233e-08,6.352078913725789638e-08,1.065992884888509568e-07,1.783933721347895713e-07,2.976616786520205307e-07,4.951254335879736020e-07,8.208764411775164365e-07,1.356206692973104229e-06,2.232374827112506580e-06,3.660163360007960613e-06,5.976063383261953510e-06,9.713808864080346193e-06,1.571409334362337064e-05,2.529100523666366103e-05,4.048136632119127038e-05,6.441295117447619757e-05,1.018392816244383814e-04,1.599012062117010074e-04,2.491859702156262301e-04,3.851572228748522666e-04,5.900140425612142433e-04,8.949865286980192422e-04,1.342964081928429195e-03,1.991145278508158097e-03,2.913055019711260733e-03,4.198763292339582551e-03,5.951467968656023663e-03,8.277879943774404253e-03,1.126938276075954530e-02,1.497137999100567329e-02,1.934070320522825528e-02,2.419694910815347461e-02,2.918444752923371813e-02,3.377638115316698719e-02,3.736407104183631783e-02,3.946170459199500186e-02,3.997951677365168405e-02,3.933449140485385798e-02,3.847084753134246554e-02,3.753630786042391754e-02,3.594482289293396415e-02,3.371499646920476240e-02,3.095435628373861478e-02,2.782819495205169497e-02,2.452116465708525928e-02,2.120605377085533691e-02,1.802452239571175271e-02,1.507906590999126377e-02,1.243322277676303309e-02,1.011672220978173525e-02,8.132844541060845617e-03,6.466106301899874134e-03,5.089160854844384206e-03,3.968400818408721401e-03,3.068144957290882494e-03,2.353521723367200686e-03,1.792269905490546456e-03,1.355706631336695955e-03,1.019097833782614624e-03,7.616297483044123535e-04,5.661369375717853611e-04,4.187011845071585765e-04,3.082004043013959207e-04,2.258588128573859254e-04,1.648287302065069425e-04,1.198196290536537840e-04,8.678014702882144260e-05,6.263257577764120177e-05,4.505578474517915919e-05,3.231079691875822485e-05,2.310267108022368194e-05,1.647249736180357116e-05,1.171385820835186490e-05,8.308831498534926383e-06,5.879382122791166185e-06,4.150724061147735947e-06,2.923895869101159259e-06,2.055361625961409363e-06,1.441924744861707886e-06,1.009629784670945047e-06,7.056377723281442452e-07,4.923051489630830993e-07,3.428867237327468609e-07,2.384293746374876937e-07,1.655347190150745058e-07,1.147531710051418409e-07,7.943490532412179849e-08,5.491021774049146202e-08,3.790652081389633916e-08,2.613477534834514490e-08,1.799686583055544883e-08,1.237905530313420782e-08,8.506538447116900640e-09,5.841251039958711225e-09,4.010232246196666980e-09,2.755521865846007603e-09,1.899210480971416683e-09,1.319140763747389492e-09,9.320973055589803334e-10,6.822756975115160694e-10,5.335019427586725991e-10,4.641624273494410167e-10
1.220703125000000000e-03,3.147328143696702910e-13,4.104313510384732784e-13,6.304152527192913759e-13,1.040224478760463981e-12,1.761475212135368189e-12,3.007184496994930674e-12,5.143301005786747435e-12,8.793755383290131770e-12,1.501837280533184583e-11,2.561294898480455852e-11,4.361394448705214593e-11,7.414524769849674507e-11,1.258354654543680239e-10,2.131843761469320148e-10,3.605042160548490537e-10,6.084664815916877184e-10,1.024946584602283961e-09,1.722935543841964259e-09,2.890033436913182622e-09,4.836856716038162263e-09,8.076218082430179899e-09,1.345217472955495787e-08,2.234955057384412614e-08,3.703273924118619725e-08,6.119120031816579066e-08,1.008137191915612971e-07,1.655827097569224698e-07,2.710862375405117703e-07,4.423075643457170789e-07,7.190966171993233008e-07,1.164692745207450532e-06,1.878905851419027482e-06,3.018343872109436529e-06,4.827189620966568103e-06,7.683590658677269970e-06,1.216885763025782615e-05,1.916949081957978882e-05,3.002564952586448787e-05,4.674400549813821149e-05,7.229769891872058992e-05,1.110406206206384386e-04,1.692660202735778217e-04,2.559379019694805763e-04,3.836136376660998154e-04,5.695515065278159567e-04,8.369491012591072452e-04,1.216177880316964650e-03,1.745756528026679239e-03,2.472638108374252373e-03,3.451185655950836026e-03,4.740020809881116334e-03,6.395843748454119876e-03,8.463502465784819920e-03,1.096226768316509864e-02,1.386969715443489223e-02,1.710675796991384043e-02,2.053064399297959558e-02,2.394358364244324883e-02,2.712392458746778687e-02,2.987562115293292131e-02,3.207125745356836921e-02,3.363982465740728012e-02,3.445946125591309306e-02,3.423391319777797925e-02,3.327830412768730678e-02,3.244663394043400401e-02,3.125397426575411697e-02,2.976148632187751095e-02,2.800911011027240258e-02,2.603320581019481772e-02,2.387917264502536704e-02,2.160482166870743639e-02,1.927664476087358192e-02,1.696281743664899630e-02,1.472612706526370101e-02,1.261867498533160610e-02,1.067899056224907300e-02,8.931395913844265844e-03,7.387066395722855817e-03,6.046132575157314205e-03,4.900240930623666821e-03,3.935135853562419725e-03,3.132982186493189249e-03,2.474282431901683212e-03,1.939343360823404631e-03,1.509312683077405470e-03,1.166843317540429588e-03,8.964581703291825496e-04,6.846894474234760256e-04,5.200593443804331492e-04,3.929578388488685534e-04,2.954611735477503443e-04,2.211231980174304865e-04,1.647619219111803206e-04,1.222557348129197545e-04,9.035773452216616945e-05,6.653225976420778999e-05,4.881475062293180950e-05,3.569415756891307080e-05,2.601601194337180791e-05,1.890372507272473945e-05,1.369551547796406719e-05,9.894434296969803152e-06,7.129166852642443046e-06,5.123563091611242272e-06,3.673145079021008722e-06,2.627127177452825531e-06,1.874747767931838708e-06,1.334942684069878057e-06,9.485877161402664582e-07,6.727017230383645956e-07,4.761360231286401644e-07,3.363836113147028309e-07,2.372273626014919133e-07,1.670135522034458578e-07,1.173891966222657562e-07,8.238188934810827739e-08,5.773148778709291451e-08,4.040627905146534889e-08,2.825378898784834787e-08,1.974953790041312520e-08,1.381683953040981030e-08,9.698005697843186491e-09,6.862689241000351218e-09,4.943056220572488604e-09,3.688393133006384631e-09,2.933905679244632357e-09,2.580064733436460291e-09
1.525878906250000000e-03,1.935728579139729033e-12,2.488428348378949745e-12,3.748041551542345640e-12,6.064879949874606885e-12,1.008013902931879333e-11,1.689840508415169574e-11,2.838275214991505286e-11,4.764854180461817185e-11,7.988208298331419685e-11,1.336911494757721517e-10,2.233250768418422794e-10,3.723131494406314675e-10,6.194094681918478571e-10,1.028276695101363695e-09,1.703209920377299008e-09,2.814583001753292584e-09,4.639884853720170569e-09,7.629653157105118107e-09,1.251299957196378763e-08,2.046580705478894061e-08,3.337765658584737901e-08,5.427348623753992961e-08,8.797642129526206503e-08,1.421442918184984742e-07,2.288815109630223240e-07,3.672307965690727485e-07,5.870004414341619443e-07,9.346026417519188393e-07,1.481893604732622765e-06,2.339451257819687661e-06,3.676343692000377302e-06,5.749279526694787890e-06,8.945139917020670969e-06,1.384231099714432297e-05,2.129797533888550873e-05,3.257052761884013316e-05,4.948838167648626508e-05,7.467826655993225452e-05,1.118670009910163152e-04,1.662695961709429653e-04,2.450717219704230871e-04,3.580038103587954959e-04,5.179845327382915027e-04,7.417800534245954118e-04,1.050580007249200332e-03,1.470331635492783898e-03,2.031605093103272183e-03,2.768699567176425951e-03,3.717668324271619900e-03,4.912983200496750386e-03,6.382729488186550393e-03,8.142571462555800443e-03,1.018926874380802518e-02,1.249516603621994917e-02,1.500555841596429990e-02,1.764066395611125354e-02,2.030250668315036755e-02,2.288404085985989295e-02,2.527435662797519397e-02,2.735348959185286005e-02,2.897983019612817776e-02,2.999666899422395380e-02,3.030517613237949243e-02,2.999715387776251407e-02,2.956009167237926005e-02,2.909105085838138705e-02,2.831188291539957561e-02,2.724412497154357626e-02,2.593278302534928956e-02,2.442970375064285396e-02,2.278405292911788935e-02,2.103969597555992166e-02,1.923613981488836444e-02,1.741013308141049071e-02,1.559645252404563177e-02,1.382759876698395896e-02,1.213276210940318969e-02,1.053658998657551644e-02,9.058191548010696009e-03,7.710622442347575545e-03,6.500909134090613641e-03,5.430542899054640639e-03,4.496306663125095894e-03,3.691281410044208039e-03,3.005895269078597259e-03,2.428911116431746366e-03,1.948285338246739766e-03,1.551863745877266098e-03,1.227906844311868429e-03,9.654548022614861148e-04,7.545532542758358850e-04,5.863659491451325397e-04,4.532009093631071250e-04,3.484747124261471942e-04,2.666359845841909625e-04,2.030651198889820103e-04,1.539632067343409800e-04,1.162395173570442456e-04,8.740386523931276347e-05,6.546770722718371898e-05,4.885602951692287650e-05,3.633073541961528047e-05,2.692535689687151990e-05,1.989034915744120112e-05,1.464791419567447276e-05,1.075516370627942793e-05,7.874416831314013865e-06,5.749489395073641399e-06,4.186935958602603682e-06,3.041331061105761296e-06,2.203805857774307484e-06,1.593181188197864353e-06,1.149152263539479407e-06,8.270809062253229097e-07,5.940378193207676917e-07,4.258101310228109394e-07,3.046495812979404845e-07,2.175856642498942532e-07,1.551673896690205136e-07,1.105286185396472192e-07,7.869657434445191335e-08,5.608238472063245277e-08,4.010743959742082860e-08,2.893086387840094183e-08,2.125223965044619622e-08,1.617048217560443209e-08,1.308496687547792344e-08,1.162901730664448874e-08
1.831054687500000000e-03,1.000243493035547126e-11,1.267641770160254945e-11,1.871868278021489308e-11,2.969197915512738564e-11,4.841769453102905982e-11,7.967542513222614433e-11,1.313778827417225623e-10,2.164969499990023030e-10,3.561876290100428334e-10,5.848250011180127606e-10,9.580910530092665982e-10,1.565909350134771113e-09,2.553057881385503887e-09,4.151894869755400007e-09,6.734113129620492128e-09,1.089225281708280203e-08,1.756753166008602759e-08,2.824940277421752450e-08,4.528559562372025387e-08,7.236136582595909422e-08,1.152363174884327334e-07,1.828707533913063790e-07,2.891369907496570275e-07,4.554025204242514310e-07,7.144019929198596930e-07,1.115997591736676026e-06,1.735679549361494385e-06,2.687000594704578202e-06,4.139592058565779813e-06,6.344996213853882002e-06,9.673283570462037521e-06,1.466430347794113339e-05,2.209840841028729987e-05,3.309251005014234069e-05,4.922819804957905281e-05,7.271908719507973542e-05,1.066240983933847359e-04,1.551113654526492752e-04,2.237730225213625150e-04,3.199832274533716508e-04,4.532793542787987430e-04,6.357285714386838160e-04,8.822190590394005973e-04,1.210588558853753060e-03,1.641477027701467115e-03,2.197772630311109043e-03,2.903522801481176526e-03,3.782219039539739831e-03,4.854448783521587811e-03,6.135044592073486680e-03,7.630033545791410805e-03,9.333848435871828705e-03,1.122731880839568201e-02,1.327680919559489671e-02,1.543446175921166230e-02,1.763896249972476613e-02,1.981604547079111531e-02,2.187885250724334874e-02,2.373080261124317983e-02,2.527651391278784576e-02,2.644422730230885227e-02,2.720720134048166747e-02,2.756271997709780486e-02,2.743778554437377795e-02,2.696440773682172096e-02,2.655013575853396729e-02,2.593780788926066533e-02,2.513925501563377476e-02,2.416331215316321057e-02,2.302521244476757323e-02,2.174878602201540598e-02,2.036401234987575068e-02,1.890330115971284794e-02,1.739847281132115772e-02,1.587898623279858715e-02,1.437117959572341806e-02,1.289807202491523482e-02,1.147936190245636354e-02,1.013143247891080956e-02,8.867321908643579706e-03,7.696695434229393687e-03,6.625879146621974428e-03,5.658000109421593149e-03,4.793248778631853391e-03,4.029251809444365888e-03,3.361524160011271876e-03,2.783960744832238675e-03,2.289328225154772193e-03,1.869723910528731624e-03,1.516978149631048860e-03,1.222986564142546171e-03,9.799673977724382423e-04,7.806462557791131332e-04,6.183753402239237961e-04,4.871970811332856682e-04,3.818631782057190882e-04,2.978199354009319530e-04,2.311698145521188521e-04,1.786177158827554202e-04,1.374088932364780794e-04,1.052638274901913570e-04,8.031393772560513453e-05,6.104077284765303314e-05,4.622032037654378380e-05,3.487328937159147040e-05,2.622164892945087706e-05,1.965130191751493703e-05,1.468051248409413952e-05,1.093355366870810502e-05,8.118969856368976474e-06,6.011834108917099764e-06,4.439403477938770872e-06,3.269621559990565607e-06,2.401975933988347990e-06,1.760281043129134681e-06,1.287019398424995796e-06,9.389324686282073422e-07,6.836054836206479248e-07,4.968368200200668453e-07,3.606225390381943646e-07,2.616203152218532952e-07,1.899849850096166450e-07,1.384909303545689744e-07,1.018752044467592326e-07,7.635039516155597934e-08,5.924835022546171578e-08,4.876563672462365447e-08,4.378949146232165714e-08
2.136230468750000000e-03,4.436764436648580316e-11,5.543974536969086128e-11,8.024889513276598710e-11,1.247390985405613767e-10,1.994957307015411960e-10,3.221515621054305059e-10,5.213531212903022930e-10,8.431281662468228384e-10,1.360984085948710906e-09,2.191811895329136786e-09,3.520805782610728200e-09,5.640333316498652419e-09,9.010300202806900778e-09,1.435147556056454645e-08,2.278910192315065536e-08,3.607280237555160963e-08,5.691158349579917145e-08,8.948139307920371020e-08,1.401896770492314934e-07,2.188200162367276582e-07,3.402346341282965317e-07,5.268890944354108519e-07,8.125190897046897519e-07,1.247502632239738209e-06,1.906592276679968006e-06,2.899961908303032040e-06,4.388830907744634930e-06,6.607321362821228537e-06,9.892669706626366644e-06,1.472643641822883687e-05,2.178989601026123352e-05,3.203726802734236398e-05,4.679074083931691945e-05,6.786114991539443587e-05,9.769742857799111298e-05,1.395661983058886220e-04,1.977596904253053759e-04,2.778251634965307575e-04,3.868017657758600803e-04,5.334413174936924193e-04,7.283781833342351745e-04,9.842014904624944889e-04,1.315372694759446136e-03,1.737926341130780622e-03,2.268896131379564193e-03,2.925426429337658375e-03,3.723563678345947169e-03,4.676771211211647704e-03,5.794266106822825932e-03,7.079321867184449647e-03,8.527695392424433293e-03,1.012630771995513129e-02,1.185224827867571024e-02,1.367214061083294081e-02,1.554200333266783640e-02,1.740803450698886340e-02,1.920911225366228256e-02,2.088169264809828368e-02,2.236626603132866112e-02,2.361126358504839207e-02,2.456815891969599264e-02,2.517936625264664482e-02,2.538689495201996299e-02,2.520454671070230385e-02,2.492756313856043723e-02,2.463432164531837235e-02,2.415597322041873260e-02,2.350748286610429907e-02,2.271002807072764265e-02,2.178407330478894163e-02,2.074821742521104281e-02,1.962059507565976427e-02,1.842022678928853172e-02,1.716736078706122826e-02,1.588293061011281787e-02,1.458760936717985041e-02,1.330087501227118080e-02,1.204030380648438495e-02,1.082114028258987677e-02,9.656099466152860689e-03,8.555330065364652806e-03,7.526477403996730334e-03,6.574807143696722277e-03,5.703370583841095402e-03,4.913204023425063981e-03,4.203558586050777819e-03,3.572155799630333337e-03,3.015461128667940548e-03,2.528964833356755863e-03,2.107458168882819175e-03,1.745293332850056302e-03,1.436617431440400175e-03,1.175573512387553029e-03,9.564648182182576563e-04,7.738813631832775321e-04,6.227904083952241245e-04,4.985942395222921816e-04,3.971598095176583207e-04,3.148253563266828091e-04,2.483891552014065324e-04,1.950852495691253279e-04,1.525504523709305044e-04,1.187862332151666447e-04,9.211839372606261858e-05,7.115674744070546009e-05,5.475640220635937270e-05,4.198171419719031692e-05,3.207355106544119289e-05,2.442016503192670940e-05,1.853172626800903949e-05,1.401839072153212644e-05,1.057166138110467244e-05,7.948734908280271995e-06,5.959494813167824331e-06,4.455807758748268218e-06,3.322792801297463373e-06,2.471757809513801231e-06,1.834527941118028323e-06,1.358924242814753028e-06,1.005183646451706256e-06,7.431432144058304072e-07,5.500404685926455250e-07,4.088075439388774181e-07,3.067596132547329309e-07,2.345976477095766630e-07,1.856623683249155884e-07,1.553905611248890133e-07,1.409371705663794539e-07
2.441406250000000000e-03,1.718075192360064629e-10,2.117113681806096907e-10,3.003868174897103619e-10,4.574363820968684506e-10,7.172984313733650039e-10,1.136382361675682143e-09,1.804612884025117361e-09,2.863573825696830438e-09,4.534632156403179425e-09,7.162177825612779434e-09,1.127970378903467109e-08,1.771025530841980669e-08,2.771833627215308390e-08,4.323842319217543623e-08,6.721683816001367594e-08,1.041202735327822610e-07,1.606876167005964878e-07,2.470343446871726218e-07,3.782637789303131673e-07,5.768007987084179771e-07,8.757458527711263327e-07,1.323655551875420982e-06,1.991296298993555051e-06,2.981094382561465830e-06,4.440223064352886720e-06,6.578524074030638528e-06,9.692750582180892637e-06,1.419892350447065665e-05,2.067487939469165453e-05,2.991530079234143392e-05,4.300157505920632571e-05,6.138860852060051582e-05,8.701007738440453014e-05,1.224023446021406305e-04,1.708452201080560033e-04,2.365147211606964867e-04,3.246389089637408414e-04,4.416428032303506787e-04,5.952626241823846462e-04,7.946038390585253046e-04,1.050112748437888668e-03,1.373429042570996654e-03,1.777088460378813215e-03,2.274051742359993380e-03,2.877049040955409649e-03,3.597746995671853749e-03,4.445766225871779914e-03,5.427596191224627956e-03,6.545468785837191793e-03,7.796261587305054058e-03,9.170512511942797637e-03,1.065165148209717277e-02,1.221559972591848217e-02,1.383093677520024975e-02,1.545982190055127277e-02,1.705966600056953858e-02,1.858511612566767987e-02,1.998946515180539951e-02,2.122493019063158987e-02,2.224343672268959751e-02,2.300291472887621216e-02,2.348198306043185885e-02,2.368577674867891961e-02,2.359900009628054449e-02,2.330639395624444637e-02,2.304756572815212790e-02,2.265649324828413608e-02,2.213566670340402776e-02,2.148944136704608251e-02,2.072759866051386568e-02,1.986436213876582521e-02,1.891612102970213066e-02,1.789973104826685785e-02,1.683173963448331492e-02,1.572818816490530180e-02,1.460457927227033943e-02,1.347577747262917319e-02,1.235579301593773237e-02,1.125749871924467543e-02,1.019235340242508579e-02,9.170187457211131585e-03,8.199076250946187028e-03,7.285302413003219742e-03,6.433393928477170072e-03,5.646220113438736241e-03,4.925128393361293162e-03,4.270107983792112427e-03,3.679969895597233476e-03,3.152535185137006566e-03,2.684824914195582234e-03,2.273246163875536005e-03,1.913769045137478451e-03,1.602090266782027267e-03,1.333779614421918506e-03,1.104406682168226038e-03,9.096463134645964678e-04,7.453623398597200751e-04,6.076702474540313743e-04,4.929802658219589132e-04,3.980230140232423729e-04,3.198602384958979341e-04,2.558833523198216896e-04,2.038024680910926860e-04,1.616284511708891193e-04,1.276502525359039851e-04,1.004094538689474781e-04,7.867360830933151983e-05,6.140961669472388669e-05,4.775806110773813144e-05,3.700913746631784702e-05,2.858059284711856894e-05,2.199788244698712200e-05,1.687661339242911007e-05,1.290723365698890924e-05,9.841848649620030788e-06,7.482999723456755025e-06,5.674212216058194635e-06,4.292110466580622888e-06,3.239899052103072100e-06,2.442019497542956140e-06,1.839806948883918851e-06,1.387989460887808243e-06,1.051891950191313043e-06,8.052263267756813583e-07,6.283680809252509653e-07,5.070372355574600648e-07,4.313178914515435759e-07,3.949655967694408727e-07
2.746582031250000000e-03,5.888462192267501189e-10,7.157578502784442502e-10,9.955164738047750979e-10,1.484952844559074148e-09,2.282583315628916765e-09,3.547105859375160514e-09,5.526771210154078256e-09,8.604569472062304070e-09,1.336666860348208305e-08,2.070509497523016883e-08,3.197070791261291623e-08,4.919969694346371708e-08,7.544693318398394279e-08,1.152736022329474700e-07,1.754560148504039307e-07,2.660090777390861400e-07,4.016537545152442247e-07,6.039055015984993964e-07,9.040230051897209405e-07,1.347136613749741393e-06,1.997976514041687900e-06,2.948744033800272273e-06,4.329815898314958506e-06,6.324138266108429368e-06,9.186347589097178584e-06,1.326783439409730829e-05,1.904911982865159937e-05,2.718100654765466035e-05,3.853594351600010725e-05,5.427084062544014796e-05,7.590210079890457543e-05,1.053928120737189896e-04,1.452507693673709527e-04,1.986342051002773881e-04,2.694597767442592404e-04,3.625045454959972065e-04,4.834905572314515676e-04,6.391375218104246390e-04,8.371664471360032184e-04,1.086235507718922525e-03,1.395789541262778015e-03,1.775806907182844469e-03,2.236432295272941517e-03,2.787491353147326933e-03,3.437892238722407845e-03,4.194929747283260464e-03,5.063519081005193705e-03,6.045398821627570238e-03,7.138356985151406847e-03,8.335550221545631397e-03,9.625000788466205395e-03,1.098935862047951094e-02,1.240599003417881298e-02,1.384738876572179193e-02,1.528182021740413093e-02,1.667409202116037006e-02,1.798652820807306388e-02,1.918063032690832739e-02,2.022008250309629759e-02,2.107455411103833012e-02,2.172050120019124175e-02,2.213389255250113041e-02,2.228332234494730807e-02,2.216234071654628324e-02,2.196593308614918499e-02,2.176106363204917404e-02,2.143113801050424913e-02,2.098589540641546472e-02,2.043609733440680115e-02,1.979124782604455360e-02,1.906052196600425616e-02,1.825403265872730524e-02,1.738327454962696611e-02,1.646082657314692013e-02,1.549975604019406504e-02,1.451305650535591324e-02,1.351324532414107348e-02,1.251211037027888558e-02,1.152054872728654547e-02,1.054844810602911104e-02,9.604587053886847609e-03,8.696551182130718774e-03,7.830672928289520232e-03,7.012003424088661049e-03,6.244321149522482663e-03,5.530176987212064195e-03,4.870971233163537938e-03,4.267055807614995346e-03,3.717854186735352479e-03,3.221991926656578298e-03,2.777431548448624533e-03,2.381606615573298585e-03,2.031550856402529644e-03,1.724019089160518190e-03,1.455597496759809817e-03,1.222801503727355106e-03,1.022160153648699272e-03,8.502864851286518876e-04,7.039339533699122149e-04,5.800394292874071298e-04,4.757537119863628622e-04,3.884608000321434292e-04,3.157873756730411683e-04,2.556040655218031941e-04,2.060200599555296185e-04,1.653726159051524828e-04,1.322128511546758075e-04,1.052890810282596239e-04,8.352876774092868274e-05,6.601996383467037966e-05,5.199294617986156527e-05,4.080256497253351221e-05,3.191167892474130964e-05,2.487591666429372098e-05,1.932989627723577262e-05,1.497494933449536604e-05,1.156833089519796749e-05,8.913850433807531974e-06,6.853827630862458253e-06,5.262258683751825325e-06,4.039070567981885319e-06,3.105340115368612307e-06,2.399359816351885207e-06,1.873441203286408940e-06,1.491358187957876390e-06,1.226345793553229410e-06,1.059583609485861836e-06,9.791075196015438837e-07
3.051757812500000000e-03,1.807113507324238119e-09,2.167508791511539684e-09,2.955757459717442541e-09,4.318424775060443262e-09,6.506286762288448847e-09,9.916738055503868326e-09,1.515989942013809826e-08,2.315817915763663201e-08,3.529360189985335286e-08,5.362347072029026989e-08,8.119350327311656506e-08,1.224892778766762729e-07,1.840826376438515822e-07,2.755508463865307278e-07,4.107742092221502590e-07,6.097541995352425040e-07,9.011406246793213981e-07,1.325714727581933895e-06,1.941146764369954083e-06,2.828432199861268936e-06,4.100509578065269580e-06,5.913672562412063757e-06,8.482502613447470298e-06,1.209915684725709820e-05,1.715793155833091714e-05,2.418606237508684457e-05,3.388168575468441802e-05,4.715973422024634869e-05,6.520622350550258370e-05,8.954086464546521140e-05,1.220871523294134859e-04,1.652480095242153202e-04,2.219836996803781215e-04,2.958870835224893209e-04,3.912494828224098546e-04,5.131085674458344282e-04,6.672680178654775930e-04,8.602774996952124035e-04,1.099361011932256703e-03,1.392282214830461908e-03,1.747137127612346857e-03,2.172067742557847857e-03,2.674894669483319186e-03,3.262672876308653994e-03,3.941181864697823091e-03,4.714370080491386839e-03,5.583782604407119647e-03,6.548010130783178499e-03,7.602203757920021100e-03,8.737701021293920248e-03,9.941801274040786701e-03,1.119771445592475378e-02,1.248469639030081943e-02,1.377839354928201039e-02,1.505145990154792626e-02,1.627454177539746152e-02,1.741763916778537799e-02,1.845151501213564832e-02,1.934839467322414103e-02,2.008157977060970323e-02,2.062609965061293349e-02,2.096541464762785925e-02,2.110130004255718686e-02,2.103478793737766431e-02,2.083212378949476570e-02,2.065060267295189614e-02,2.037204553203448426e-02,1.999698687796698168e-02,1.952870198612966651e-02,1.897398946099050285e-02,1.834170161451857683e-02,1.764141314498617399e-02,1.688286957452892964e-02,1.607593487643178137e-02,1.523064439546441620e-02,1.435716058743641971e-02,1.346560924220121039e-02,1.256585445322537693e-02,1.166727516996899153e-02,1.077858015351419209e-02,9.907671977441237163e-03,9.061555605693024165e-03,8.246282500742345770e-03,7.466922560641891388e-03,6.727559218217399155e-03,6.031305377276131169e-03,5.380338806085785061e-03,4.775955420979903845e-03,4.218638153878104952e-03,3.708138319403989514e-03,3.243565881608534776e-03,2.823484865112433750e-03,2.446010324819601536e-03,2.108903686281425431e-03,1.809663792326127434e-03,1.545611558115839038e-03,1.313966691829448292e-03,1.111915451620599637e-03,9.366688679488326900e-04,7.855112595166151420e-04,6.558392103487782924e-04,5.451914555065998785e-04,4.512703441641957667e-04,3.719557123121582445e-04,3.053121052332274260e-04,2.495903456939396747e-04,2.032244528125089016e-04,1.648248856385841634e-04,1.331690225476390879e-04,1.071897010369634581e-04,8.596254071529694715e-05,6.869266285323673499e-05,5.470130940778129386e-05,4.341275827158924650e-05,3.434183358346666598e-05,2.708222291227270880e-05,2.129573845319121655e-05,1.670259752780140836e-05,1.307274836276500976e-05,1.021822948827468101e-05,7.986523943348226924e-06,6.254851410338375006e-06,4.925330982725930987e-06,3.920943102437044317e-06,3.182220004241339947e-06,2.664598648378442082e-06,2.336377653143307304e-06,2.177229372456611659e-06
3.356933593750000000e-03,5.016184160040094130e-09,5.939417136939135839e-09,7.943560067990615255e-09,1.136840539521426366e-08,1.678804829861443445e-08,2.509780651055759766e-08,3.764728203310344728e-08,5.643659222797114229e-08,8.440012464625445562e-08,1.258118200848780192e-07,1.868586915369472977e-07,2.764458962438154222e-07,4.073181631339236155e-07,5.976097912445568864e-07,8.729698432054602564e-07,1.269451521282214530e-06,1.837405693226771029e-06,2.646678214831773185e-06,3.793478197451304001e-06,5.409357354600079992e-06,7.672814630931695123e-06,1.082410832226708533e-05,1.518390925085587502e-05,2.117644865163380405e-05,2.935778429689823624e-05,4.044970493190747573e-05,5.537959002680330065e-05,7.532621174458233428e-05,1.017709836524014849e-04,1.365535077642738020e-04,1.819294425796839465e-04,2.406277239843486666e-04,3.159030582117057745e-04,4.115784421656454696e-04,5.320713541190383008e-04,6.823963292675783079e-04,8.681360433485972106e-04,1.095372936212772076e-03,1.370573973276661452e-03,1.700422504217151366e-03,2.091593441028637319e-03,2.550471201043022842e-03,3.082814032471507815e-03,3.693373329195404238e-03,4.385482025510166471e-03,5.160631558745471491e-03,6.018061375160242178e-03,6.954387697415934273e-03,7.963298945563943715e-03,9.035344632532466350e-03,1.015784477462343752e-02,1.131494938781037012e-02,1.248787922125945034e-02,1.365536696248685622e-02,1.479427487571147518e-02,1.588029325701789327e-02,1.688859671243410007e-02,1.779450473374744393e-02,1.857460482696728435e-02,1.920888354538731121e-02,1.968274899110071183e-02,1.998447905599752897e-02,2.009726448632781146e-02,2.001083319427519533e-02,1.986191903311239002e-02,1.970876787476050565e-02,1.946428578114488273e-02,1.913475325050142950e-02,1.872600023213468259e-02,1.824313449627078254e-02,1.769167308879569453e-02,1.707820659923651660e-02,1.641035390145224523e-02,1.569638919669253535e-02,1.494487113885519664e-02,1.416439175675664359e-02,1.336342614572934295e-02,1.255022735914829504e-02,1.173272764803238478e-02,1.091843416572756825e-02,1.011432464548358071e-02,9.326753854523318552e-03,8.561379446531583448e-03,7.823111262847471867e-03,7.116084221928513712e-03,6.443652680268553527e-03,5.808403329456156977e-03,5.212183697233367836e-03,4.656143602257190907e-03,4.140787164329148319e-03,3.666033098707476186e-03,3.231281055206237061e-03,2.835481773520489787e-03,2.477208879820263360e-03,2.154730280244925456e-03,1.866077318508337166e-03,1.609110140926350851e-03,1.381578027086203348e-03,1.181173771802094662e-03,1.005581522049089037e-03,8.525177655381975137e-04,7.197654257395314425e-04,6.052012364876774037e-04,5.068167462101530159e-04,4.227334379391209547e-04,3.512125486696245427e-04,2.906602333374080829e-04,2.396287484026653918e-04,1.968143319377592512e-04,1.610524357706076299e-04,1.313109253611757484e-04,1.066818094213133446e-04,8.637199837846147685e-05,6.969352282048223157e-05,5.605357372421211376e-05,4.494465863916245133e-05,3.593510448737827044e-05,2.866008000873981017e-05,2.281326026593561389e-05,1.813921261321947028e-05,1.442654825592840580e-05,1.150185574923677222e-05,9.224412004927409666e-06,7.481651917734785671e-06,6.185368811508528664e-06,5.268613724402902301e-06,4.683261291874403964e-06,4.398212872543684810e-06
3.662109375000000000e-03,1.270766253383522109e-08,1.486102090645423215e-08,1.950211083272684551e-08,2.734591866872177422e-08,3.958593423794318178e-08,5.805498887435312365e-08,8.546719914567860340e-08,1.257675415897123260e-07,1.846260415550269065e-07,2.701267452635101985e-07,3.937182430300005705e-07,5.715132281389133739e-07,8.260500838226253738e-07,1.188660346561293254e-06,1.702622407576385253e-06,2.427323868223996389e-06,3.443701773780517282e-06,4.861279761898089663e-06,6.827170907827660525e-06,9.537459963378530856e-06,1.325141194325794493e-05,1.830896643306408064e-05,2.515195692993561126e-05,3.434942802624990009e-05,4.662729462792412823e-05,6.290238037226388013e-05,8.432057183285957989e-05,1.122984193929945501e-04,1.485669998224543615e-04,1.952162345158821191e-04,2.547371492064153952e-04,3.300587999583867401e-04,4.245758282772808616e-04,5.421619148958225012e-04,6.871638626069816874e-04,8.643707505181712041e-04,1.078952667997118984e-03,1.336364056552319509e-03,1.642207749043624347e-03,2.002057457965113543e-03,2.421238742514791441e-03,2.904571324456030942e-03,3.456078884348374059e-03,4.078675919696051443e-03,4.773844591653120771e-03,5.541317453146829553e-03,6.378784389221616932e-03,7.281644025080030377e-03,8.242821266111765438e-03,9.252672996542114434e-03,1.029900161745387309e-02,1.136718850440184697e-02,1.244044581772426120e-02,1.350017186185427549e-02,1.452639969373403957e-02,1.549836698474103130e-02,1.639527869272748226e-02,1.719725862693415042e-02,1.788614804650899906e-02,1.844547612870034436e-02,1.885985451692353057e-02,1.911721049629242983e-02,1.921660368634582269e-02,1.916294927878932006e-02,1.901233889882495212e-02,1.887576421386847822e-02,1.866391973199734225e-02,1.837705247732453195e-02,1.801786555573963236e-02,1.759116441637287309e-02,1.710266493263771712e-02,1.655836889975506251e-02,1.596449153520121053e-02,1.532755370437258527e-02,1.465440212815760125e-02,1.395211807406430797e-02,1.322786551236129066e-02,1.248873399953841223e-02,1.174160473932841890e-02,1.099304466856654110e-02,1.024922273631163026e-02,9.515841692938602908e-03,8.798081834280107802e-03,8.100556228863691963e-03,7.427278473885364808e-03,6.781644070039411637e-03,6.166425753300066974e-03,5.583782202739895860e-03,5.035278816034419527e-03,4.521918815036256138e-03,4.044182771873142991e-03,3.602074641222728808e-03,3.195172465960119910e-03,2.822682041199915410e-03,2.483491954590751928e-03,2.176228565012003433e-03,1.899309640579386477e-03,1.650995552335538571e-03,1.429437110585519023e-03,1.232719331061080635e-03,1.058900620096926704e-03,9.060470633322935050e-04,7.722616835394005346e-04,6.557086941825225179e-04,5.546329124136262050e-04,4.673746065380951411e-04,3.923801382989781797e-04,3.282088206547015014e-04,2.735364489909953753e-04,2.271559804401819386e-04,1.879758350655636563e-04,1.550162771622534154e-04,1.274043079101206202e-04,1.043674650794469987e-04,8.522688423885722473e-05,6.938993148997602304e-05,5.634267237799205281e-05,4.564239717098510013e-05,3.691038066059292179e-05,2.982501613904416186e-05,2.411542902723525907e-05,1.955564621908829266e-05,1.595937274252935456e-05,1.317540775637406739e-05,1.108371695698027077e-05,9.592167767560188526e-06,8.633926732194436015e-06,8.165514771694911238e-06
