x,initial,exact_first,cn_first,be_first,rannacher_first,exact_final,cn_final,be_final,rannacher_final
3.906250000000000000e-03,0.000000000000000000e+00,-2.486826919267095005e-17,6.416789463945000756e-18,1.807621249131026108e-13,6.270944111671782275e-17,3.643416968306530672e-09,8.739337786615319222e-09,1.634471122900983855e-07,1.270766253383522109e-08
1.171875000000000000e-02,0.000000000000000000e+00,-9.698115218239501521e-18,8.983505249523001982e-18,2.169145498957231228e-13,8.650985967061596094e-17,4.562387800783133370e-09,1.033332293013345615e-08,1.784569924536648034e-07,1.486102090645423215e-08
1.953125000000000000e-02,0.000000000000000000e+00,-9.649335146064534388e-18,1.514362313491020585e-17,2.964498848574881787e-13,1.431175210428558982e-16,6.602644514033725051e-09,1.378880488994735435e-08,2.097408761043006183e-07,1.950211083272684551e-08
2.734375000000000000e-02,0.000000000000000000e+00,-9.320652343041277169e-18,2.736119027426148436e-17,4.352751967907508602e-13,2.539434662052561129e-16,1.020635603881983582e-08,1.968100146945993740e-08,2.599215801904719033e-07,2.734591866872177422e-08
3.515625000000000000e-02,0.000000000000000000e+00,7.174838363111586601e-18,5.052323352331735167e-17,6.611555480821637137e-13,4.608745597949064198e-16,1.613613912993717783e-08,2.897837501552822182e-08,3.331756641672819302e-07,3.958593423794318178e-08
4.296875000000000000e-02,0.000000000000000000e+00,1.322523165790463453e-17,9.389457018170019232e-17,1.019267008990009169e-12,8.420508305978560795e-16,2.561029790410076413e-08,4.318431838867388606e-08,4.355410361102151268e-07,5.805498887435312365e-08
5.078125000000000000e-02,0.000000000000000000e+00,1.547126602662609540e-17,1.748237349127631185e-16,1.581231871695856518e-12,1.541268519603608209e-15,4.051150652076356571e-08,6.455248033402784186e-08,5.753558916475401798e-07,8.546719914567860340e-08
5.859375000000000000e-02,0.000000000000000000e+00,2.830052407525766506e-17,3.256823936089313686e-16,2.459443108740874928e-12,2.822028869468251378e-15,6.369668788028824893e-08,9.640152147843720460e-08,7.638552531795649474e-07,1.257675415897123260e-07
6.640625000000000000e-02,0.000000000000000000e+00,6.558341155967635538e-18,6.068140097486722301e-16,3.829542967534068082e-12,5.166464288398409584e-15,9.944720191188464010e-08,1.435656444898636468e-07,1.015959935810414577e-06,1.846260415550269065e-07
7.421875000000000000e-02,0.000000000000000000e+00,1.247424630179858111e-17,1.130671229787882073e-15,5.965551419834076710e-12,9.456122620738196151e-15,1.541129239546078888e-07,2.130307618511683773e-07,1.351302665414682889e-06,2.701267452635101985e-07
8.203125000000000000e-02,0.000000000000000000e+00,1.305927830771069083e-17,2.106796941742244665e-15,9.294670156100900195e-12,1.730209575541568082e-14,2.370220874751246966e-07,3.148234332353339383e-07,1.795547580252545008e-06,3.937182430300005705e-07
8.984375000000000000e-02,0.000000000000000000e+00,6.181087868065116595e-18,3.925641430393505281e-15,1.448272292358790453e-11,3.164754780391098549e-14,3.617515840062964148e-07,4.632415404239831214e-07,2.382072709277660816e-06,5.715132281389133739e-07
9.765625000000000000e-02,0.000000000000000000e+00,8.132582052790530650e-18,7.314742491202167773e-15,2.256732027579248847e-11,5.786689068789198709e-14,5.478803535101884481e-07,6.785428677792516872e-07,3.154100449034411396e-06,8.260500838226253738e-07
1.054687500000000000e-01,0.000000000000000000e+00,4.088966712163436097e-18,1.362974054849169990e-14,3.516538168315557141e-11,1.057700413487893831e-13,8.233819476033799763e-07,9.892409927240493034e-07,4.167378702369370886e-06,1.188660346561293254e-06
1.132812500000000000e-01,0.000000000000000000e+00,-3.286761132523362234e-18,2.539663482517791356e-14,5.479651942714978154e-11,1.932552604395041943e-13,1.227851324140071256e-06,1.435197554681869630e-06,5.493535236433290731e-06,1.702622407576385253e-06
1.210937500000000000e-01,0.000000000000000000e+00,-1.900287408417732843e-17,4.732218303193529076e-14,8.538696105657394411e-11,3.529632567409850626e-13,1.816804884196136036e-06,2.071745950678478928e-06,7.224249846702563839e-06,2.427323868223996389e-06
1.289062500000000000e-01,0.000000000000000000e+00,-2.605317491758345575e-17,8.817660445146677668e-14,1.330547948973129239e-10,6.443921191324728410e-13,2.667340328527771016e-06,2.975132892649113953e-06,9.476412732810575421e-06,3.443701773780517282e-06
1.367187500000000000e-01,0.000000000000000000e+00,-1.322226053198548798e-17,1.643016676515849720e-13,2.073335877175145118e-10,1.175942508286656163e-12,3.885491631838584780e-06,4.249618985770709862e-06,1.239846244134884076e-05,4.861279761898089663e-06
1.445312500000000000e-01,0.000000000000000000e+00,-1.780794305829263741e-17,3.061473979123371713e-13,3.230790980812189710e-10,2.145009567225185355e-12,5.615660465014390587e-06,6.036633900111335371e-06,1.617812173017726198e-05,6.827170907827660525e-06
1.523437500000000000e-01,0.000000000000000000e+00,-9.743655128380542998e-18,5.704520873380242139e-13,5.034404280611671469e-10,3.910850973471321153e-12,8.052543221919546127e-06,8.526430147120255381e-06,2.105177313096684864e-05,9.537459963378530856e-06
1.601562500000000000e-01,0.000000000000000000e+00,-2.823863342936665326e-18,1.062937611698921164e-12,7.844898436533487005e-10,7.126942351638381116e-12,1.145599502600121766e-05,1.197271387565482443e-05,2.731573551371772619e-05,1.325141194325794493e-05
1.679687500000000000e-01,0.000000000000000000e+00,2.495014319844202523e-17,1.980598180739386237e-12,1.222437227976200304e-09,1.298122314812100602e-11,1.616926930946985667e-05,1.671074076562909847e-05,3.533971542343647729e-05,1.830896643306408064e-05
1.757812500000000000e-01,0.000000000000000000e+00,2.902494093021229251e-17,3.690498022075606087e-12,1.904872057894292155e-09,2.363187356770415390e-11,2.264103248314974773e-05,2.317933670428288983e-05,4.558270819190398277e-05,2.515195692993561126e-05
1.835937500000000000e-01,0.000000000000000000e+00,2.713702768170047797e-17,6.876597072242068291e-12,2.968281299391242644e-09,4.299717380995384278e-11,3.145146502155225148e-05,3.194722099183951733e-05,5.861160849691373682e-05,3.434942802624990009e-05
1.914062500000000000e-01,0.000000000000000000e+00,2.426468400354337379e-17,1.281333495130536040e-11,4.625346800766441330e-09,7.818602416173666949e-11,4.334260932313040317e-05,4.374385766755075396e-05,7.512275154659766338e-05,4.662729462792412823e-05
1.992187500000000000e-01,0.000000000000000000e+00,-8.095318561591575312e-18,2.387540681089079294e-11,7.207481662294927373e-09,1.420866171879530670e-10,5.925289762565905853e-05,5.949482194078287481e-05,9.596653648601537081e-05,6.290238037226388013e-05
2.070312500000000000e-01,0.000000000000000000e+00,-1.819694105631888992e-17,4.448764139483252684e-11,1.123111285628239724e-08,2.580467757271724178e-10,8.035547860747217514e-05,8.036133011054805337e-05,1.221751737735173331e-04,8.432057183285957989e-05
2.148437500000000000e-01,0.000000000000000000e+00,-2.111208436181654735e-17,8.289493253670727534e-11,1.750096662152634804e-08,4.683281162782942651e-10,1.080995515608788480e-04,1.077831346310231212e-04,1.549934379296258021e-04,1.122984193929945501e-04
2.226562500000000000e-01,0.000000000000000000e+00,-3.158378591886622032e-17,1.544601966932649430e-10,2.727101371107556381e-08,8.493617168333925160e-10,1.442534109961489278e-04,1.435234313104304332e-04,1.959120853987967757e-04,1.485669998224543615e-04
2.304687500000000000e-01,0.000000000000000000e+00,-2.719251761824795155e-17,2.878095395271285853e-10,4.249526354283988970e-08,1.539247964783194686e-09,1.909473100035743651e-04,1.897137741524911264e-04,2.467033036106818693e-04,1.952162345158821191e-04
2.382812500000000000e-01,0.000000000000000000e+00,-3.203066078817960482e-17,5.362826981718436463e-10,6.621856608317219617e-08,2.787271490740849273e-09,2.507135870216644150e-04,2.488962691574984508e-04,3.094571822805358956e-04,2.547371492064153952e-04
2.460937500000000000e-01,0.000000000000000000e+00,-1.711596318913841386e-17,9.992689360852960313e-10,1.031855818401389300e-07,5.042947073360474405e-09,3.265208009919214017e-04,3.240595597539101293e-04,3.866177349929851093e-04,3.300587999583867401e-04
2.539062500000000000e-01,0.000000000000000000e+00,3.039879363413795269e-17,1.861962748432866725e-09,1.607897139651334445e-07,9.115947698107230672e-09,4.217979326386540905e-04,4.186643765951349747e-04,4.810164465436847503e-04,4.245758282772808616e-04
2.617187500000000000e-01,0.000000000000000000e+00,3.010935583099911146e-16,3.469441660153584193e-09,2.505517888831546188e-07,1.646293485241030487e-08,5.404440986402868612e-04,5.366537723876712912e-04,5.959006852840284269e-04,5.421619148958225012e-04
2.695312500000000000e-01,0.000000000000000000e+00,1.964453022683491857e-15,6.464697235935734840e-09,3.904242215778065791e-07,2.970120761564677549e-08,6.868187684930741454e-04,6.824426856289725514e-04,7.349536163774412698e-04,6.871638626069816874e-04
2.773437500000000000e-01,0.000000000000000000e+00,1.179663009056506752e-14,1.204583170609217868e-08,6.083814985880198871e-07,5.352702397795480405e-08,8.657072588668291878e-04,8.608812841716258733e-04,9.023015120716167646e-04,8.643707505181712041e-04
2.851562500000000000e-01,0.000000000000000000e+00,6.795338361550277019e-14,2.244529885868549267e-08,9.480150753158372149e-07,9.635448359022630426e-08,1.082256399364912207e-03,1.077186759402486583e-03,1.102503627084482985e-03,1.078952667997118984e-03
2.929687500000000000e-01,0.000000000000000000e+00,3.775708413772076319e-13,4.182288555475300207e-08,1.477251667106821795e-06,1.732346768668512601e-07,1.341875804775569505e-03,1.336839009967004908e-03,1.340519160081366217e-03,1.336364056552319509e-03
3.007812500000000000e-01,0.000000000000000000e+00,2.023984167445300912e-12,7.792962647272170634e-08,2.301938592319170226e-06,3.110441637792661010e-07,1.650101225436103550e-03,1.645437070427867125e-03,1.621645348131577720e-03,1.642207749043624347e-03
3.085937500000000000e-01,0.000000000000000000e+00,1.045704849454065572e-11,1.452082179797790826e-07,3.587013235995353041e-06,5.576853909088429721e-07,2.012418026058465908e-03,2.008515190380523192e-03,1.951420555604645992e-03,2.002057457965113543e-03
3.164062500000000000e-01,0.000000000000000000e+00,5.200080426491509916e-11,2.705700966787480918e-07,5.589490526870607734e-06,9.983591308060012104e-07,2.434044972538425451e-03,2.431319925161657715e-03,2.335486458902861790e-03,2.421238742514791441e-03
3.242187500000000000e-01,0.000000000000000000e+00,2.485391588543223155e-10,5.041600140492163007e-07,8.709865923119984314e-06,1.784262503689810124e-06,2.919681144551836138e-03,2.918551980721949962e-03,2.779404245070339965e-03,2.904571324456030942e-03
3.320312500000000000e-01,0.000000000000000000e+00,1.139994551928479070e-09,9.394139370393709452e-07,1.357221450399335538e-05,3.183038875239699678e-06,3.473221839924916371e-03,3.474078320788718741e-03,3.288421289999116006e-03,3.456078884348374059e-03
3.398437500000000000e-01,0.000000000000000000e+00,5.009842264775118335e-09,1.750433434845273820e-06,2.114900598566539719e-05,5.667148009477594767e-06,4.097452633968477233e-03,4.100621205102982815e-03,3.867187200106350121e-03,4.078675919696051443e-03
3.476562500000000000e-01,0.000000000000000000e+00,2.105693053500158240e-08,3.261626306589286073e-06,3.295559866447051437e-05,1.006802966053747334e-05,4.793734082795417240e-03,4.799432972022321317e-03,4.519421489902085941e-03,4.773844591653120771e-03
3.554687500000000000e-01,0.000000000000000000e+00,8.448757472189817436e-08,6.077469700969012926e-06,5.135331107616973443e-05,1.784379791449448513e-05,5.561692643511362277e-03,5.569972355080289247e-03,5.247539556208546951e-03,5.541317453146829553e-03
3.632812500000000000e-01,0.000000000000000000e+00,3.229451200180442332e-07,1.132430097573634351e-05,8.002168570310289866e-05,3.154159139405548703e-05,6.398935922208429973e-03,6.409614251049831207e-03,6.052248921181369555e-03,6.378784389221616932e-03
3.710937500000000000e-01,0.000000000000000000e+00,1.173387109151447792e-06,2.110085264079821082e-05,1.246943974706566304e-04,5.559116123609141708e-05,7.300812039832579349e-03,7.313447393745122274e-03,6.932133731098626996e-03,7.281644025080030377e-03
3.789062500000000000e-01,0.000000000000000000e+00,4.042859313711114628e-06,3.931774536217936313e-05,1.943059887323416910e-04,9.765702504440425757e-05,8.260233433806968284e-03,8.274219214964399771e-03,7.883251821586261671e-03,8.242821266111765438e-03
3.867187500000000000e-01,0.000000000000000000e+00,1.317466183562022292e-05,7.326173622843225189e-05,3.027787777404950735e-04,1.709221497980429217e-04,9.267584551116442998e-03,9.282418753102306824e-03,8.898774703782077675e-03,9.252672996542114434e-03
3.945312500000000000e-01,0.000000000000000000e+00,4.049151209739622879e-05,1.365104215860580346e-04,4.718073222967474273e-04,2.979037872252122878e-04,1.031073048458418413e-02,1.032629273731831138e-02,9.968705810362075634e-03,1.029900161745387309e-02
4.023437500000000000e-01,0.000000000000000000e+00,1.170101486440301285e-04,2.543632755781070095e-04,7.351973313123492341e-04,5.167448552252549513e-04,1.137513962245569402e-02,1.139135796521639071e-02,1.107971533202302059e-02,1.136718850440184697e-02
4.101562500000000000e-01,0.000000000000000000e+00,3.168546325573900254e-04,4.739614398013987612e-04,1.145626806590420823e-03,8.914112101997779874e-04,1.244412792333759489e-02,1.245921266883131227e-02,1.221512996698682040e-02,1.244044581772426120e-02
4.179687500000000000e-01,0.000000000000000000e+00,8.010979476123786117e-04,8.831441799452499847e-04,1.785181643186576532e-03,1.527849761293932152e-03,1.349922574156327791e-02,1.350716598454668356e-02,1.335511194665619031e-02,1.350017186185427549e-02
4.257812500000000000e-01,0.000000000000000000e+00,1.883529909808292178e-03,1.645584592067201105e-03,2.781772808420047548e-03,2.598799380916609614e-03,1.452066060090352259e-02,1.451360775223563618e-02,1.447705306818252227e-02,1.452639969373403957e-02
4.335937500000000000e-01,0.000000000000000000e+00,4.100583777654047586e-03,3.066258841016032081e-03,4.334718535337528204e-03,4.380151834492489529e-03,1.548794145612347913e-02,1.547386162905341374e-02,1.555619587450870686e-02,1.549836698474103130e-02
4.414062500000000000e-01,0.000000000000000000e+00,8.227712419468969848e-03,5.713436626371275716e-03,6.754607969322513894e-03,7.300313253662159101e-03,1.638052238500295466e-02,1.641003612083054980e-02,1.656647593429246695e-02,1.639527869272748226e-02
4.492187500000000000e-01,0.000000000000000000e+00,1.513907620818497231e-02,1.064598906227503042e-02,1.052541899717200288e-02,1.199791264902243769e-02,1.717851694560439471e-02,1.729968845505828676e-02,1.748155755690735530e-02,1.719725862693415042e-02
4.570312500000000000e-01,0.000000000000000000e+00,2.540975979013597799e-02,1.983693712308879503e-02,1.640131382445589314e-02,1.936547929153668163e-02,1.786342921935354586e-02,1.784645870921568872e-02,1.827601227247180327e-02,1.788614804650899906e-02
4.648437500000000000e-01,0.000000000000000000e+00,3.868790647054533988e-02,3.696266003313807696e-02,2.555747141663096064e-02,3.051185022604783678e-02,1.841886436113321715e-02,1.756723912663852097e-02,1.892656782985166833e-02,1.844547612870034436e-02
4.726562500000000000e-01,0.000000000000000000e+00,5.313327148820922580e-02,6.887344695644258274e-02,3.982512329213221819e-02,4.647042924435050570e-02,1.883118067459169445e-02,1.840827153867012969e-02,1.941333860890720811e-02,1.885985451692353057e-02
4.804687500000000000e-01,0.000000000000000000e+00,6.545497855584132829e-02,1.283336126623240980e-01,6.205779982605991868e-02,6.724249056910483469e-02,1.909004702031201137e-02,2.843508353238744304e-02,1.972093946843684470e-02,1.911721049629242983e-02
4.882812500000000000e-01,0.000000000000000000e+00,7.194235699667614337e-02,2.391272234331352220e-01,9.670203632519959458e-02,8.924482558903626406e-02,1.918887372786798329e-02,-7.550374849591390616e-03,1.983938673181374207e-02,1.921660368634582269e-02
4.960937500000000000e-01,1.000000000000000000e+00,7.020351555298266766e-02,-5.544282764227994598e-01,1.506866800893791880e-01,9.911964615795514078e-02,1.912509187868755359e-02,6.451836025884308268e-02,1.976470345211929144e-02,1.916294927878932006e-02
5.039062500000000000e-01,0.000000000000000000e+00,6.416995952359474953e-02,1.859924670615414055e-01,7.826291745316379944e-02,7.437485510586812343e-02,1.898457470769312344e-02,-5.833480373948813150e-03,1.959874542709944684e-02,1.901233889882495212e-02
5.117187500000000000e-01,0.000000000000000000e+00,5.872714155099399702e-02,1.193592578675861104e-01,5.711970414399402535e-02,6.075266300005279646e-02,1.884960470919192291e-02,2.912398424645712761e-02,1.943956573570290725e-02,1.887576421386847822e-02
5.195312500000000000e-01,0.000000000000000000e+00,5.105244581872973864e-02,7.659790024714804857e-02,4.168846124922365171e-02,4.734507770748942745e-02,1.863755573857447598e-02,2.142917746790986427e-02,1.919009567399561703e-02,1.866391973199734225e-02
5.273437500000000000e-01,0.000000000000000000e+00,4.217519039552751481e-02,4.915612267613959918e-02,3.042606447937563907e-02,3.574671793170911688e-02,1.835105721428727590e-02,1.740958848341422199e-02,1.885422270705445699e-02,1.837705247732453195e-02
5.351562500000000000e-01,0.000000000000000000e+00,3.312910403178445651e-02,3.154556964035907379e-02,2.220627415746518132e-02,2.638208947465666906e-02,1.799362947658568468e-02,1.708421280337121817e-02,1.843710322992704251e-02,1.801786555573963236e-02
5.429687500000000000e-01,0.000000000000000000e+00,2.476134117575700191e-02,2.024413053265034651e-02,1.620711125130124344e-02,1.913932194849964075e-02,1.756961170695769611e-02,1.734445323292400226e-02,1.794501628741089483e-02,1.759116441637287309e-02
5.507812500000000000e-01,0.000000000000000000e+00,1.762354174344228641e-02,1.299151753147168714e-02,1.182865947026742748e-02,1.370000575877750038e-02,1.708407417147913068e-02,1.718607781811977084e-02,1.738518994350187266e-02,1.710266493263771712e-02
5.585937500000000000e-01,0.000000000000000000e+00,1.195487453965675580e-02,8.337208036587372487e-03,8.633073636260351486e-03,9.701538967663698304e-03,1.654271727167171135e-02,1.666636460277445830e-02,1.676560776078863529e-02,1.655836889975506251e-02
5.664062500000000000e-01,0.000000000000000000e+00,7.736350526570360576e-03,5.350340149020530595e-03,6.300795165879311682e-03,6.809659166423897257e-03,1.595176021382106735e-02,1.600474864097802333e-02,1.609480334453518985e-02,1.596449153520121053e-02
5.742187500000000000e-01,0.000000000000000000e+00,4.780732063961613994e-03,3.433540291257794908e-03,4.598596212086203568e-03,4.744677183566822429e-03,1.531782233457434743e-02,1.531850190423616337e-02,1.538165094062711458e-02,1.532755370437258527e-02
5.820312500000000000e-01,0.000000000000000000e+00,2.823987942991885124e-03,2.203448491746618464e-03,3.356256879501714682e-03,3.285276608297333246e-03,1.464780024116163828e-02,1.463350944905204669e-02,1.463515968590666308e-02,1.465440212815760125e-02
5.898437500000000000e-01,0.000000000000000000e+00,1.596224964348184677e-03,1.414046390584764801e-03,2.449543234867397005e-03,2.262586505512649126e-03,1.394874393749941620e-02,1.394108691058031438e-02,1.386427835679311313e-02,1.395211807406430797e-02
5.976562500000000000e-01,0.000000000000000000e+00,8.642625809337081211e-04,9.074535675398636434e-04,1.787783913719818811e-03,1.551009064772017722e-03,1.322773501592356717e-02,1.323160886679746080e-02,1.307771642994576614e-02,1.322786551236129066e-02
6.054687500000000000e-01,0.000000000000000000e+00,4.487206118265406568e-04,5.823514580029353228e-04,1.304802983944222412e-03,1.058888080231803206e-03,1.249176980571326326e-02,1.250391502320362912e-02,1.228378604949583071e-02,1.248873399953841223e-02
6.132812500000000000e-01,0.000000000000000000e+00,2.236355476325554829e-04,3.737196400665940233e-04,9.523023525630486654e-04,7.203095659376558199e-04,1.174765009493127302e-02,1.176345935829951894e-02,1.149026818253211409e-02,1.174160473932841890e-02
6.210937500000000000e-01,0.000000000000000000e+00,1.071003055559476512e-04,2.398317501435716099e-04,6.950319564381799917e-04,4.884210008243801198e-04,1.100188369546523624e-02,1.101828145799804183e-02,1.070430492509526037e-02,1.099304466856654110e-02
6.289062500000000000e-01,0.000000000000000000e+00,4.933654576963340837e-05,1.539102102492634426e-04,5.072647559571291436e-04,3.302334608616232584e-04,1.026059671881264512e-02,1.027629396001600304e-02,9.932318669828556212e-03,1.024922273631163026e-02
6.367187500000000000e-01,0.000000000000000000e+00,2.188310251273326072e-05,9.877071240480800166e-05,3.702240310717910799e-04,2.227015920462646419e-04,9.529458989818669068e-03,9.544230857569365248e-03,9.179957722859824823e-03,9.515841692938602908e-03
6.445312500000000000e-01,0.000000000000000000e+00,9.354804816308414322e-06,6.338535704131416110e-05,2.702057092936319994e-04,1.498329703996781727e-04,8.813623565510426278e-03,8.827585385730222708e-03,8.452067003344948190e-03,8.798081834280107802e-03
6.523437500000000000e-01,0.000000000000000000e+00,3.857966572070673492e-06,4.067707308608316225e-05,1.972079584448361081e-04,1.005924071288958786e-04,8.117680864326327905e-03,8.130886672153817343e-03,7.752681699072513401e-03,8.100556228863691963e-03
6.601562500000000000e-01,0.000000000000000000e+00,1.536315163976634347e-06,2.610420374806877349e-05,1.439310034405238276e-04,6.740261797528440527e-05,7.445627464292570337e-03,7.457962062886722143e-03,7.085041194517644435e-03,7.427278473885364808e-03
6.679687500000000000e-01,0.000000000000000000e+00,5.912731455465170395e-07,1.675217515966814010e-05,1.050471487802638647e-04,4.508293204192294281e-05,6.800849212168456719e-03,6.812078623679718170e-03,6.451620229226243813e-03,6.781644070039411637e-03
6.757812500000000000e-01,0.000000000000000000e+00,2.201188527460368213e-07,1.075058160320113677e-05,7.666800899803029919e-05,3.010461500097926234e-05,6.186117912083196821e-03,6.195982367575517819e-03,5.854174069339943692e-03,6.166425753300066974e-03
6.835937500000000000e-01,0.000000000000000000e+00,7.933232963335806108e-08,6.899104367374358920e-06,5.595567011559974462e-05,2.007216279991132202e-05,5.603600541839086867e-03,5.611887992978552113e-03,5.293794460845273504e-03,5.583782202739895860e-03
6.914062500000000000e-01,0.000000000000000000e+00,2.770238283852365577e-08,4.427448005022452858e-06,4.083889824472917805e-05,1.336423272208820895e-05,5.054879685040941477e-03,5.061462266714805702e-03,4.770973252547675882e-03,5.035278816034419527e-03
6.992187500000000000e-01,0.000000000000000000e+00,9.379845320717357772e-09,2.841281243675039994e-06,2.980601619833152726e-05,8.886404388180496356e-06,4.540983671706750290e-03,4.545823328613937328e-03,4.285670800621294192e-03,4.521918815036256138e-03
7.070312500000000000e-01,0.000000000000000000e+00,3.081849199659870173e-09,1.823370731062634281e-06,2.175373577176702988e-05,5.901728807541378317e-06,4.062424790257877609e-03,4.065561384707464324e-03,3.837386565808576996e-03,4.044182771873142991e-03
7.148437500000000000e-01,0.000000000000000000e+00,9.832816426292374234e-10,1.170134364662755170e-06,1.587682892237923853e-05,3.915061915304270352e-06,3.619243868293531546e-03,3.620777211489285222e-03,3.425229661697656424e-03,3.602074641222728808e-03
7.226562500000000000e-01,0.000000000000000000e+00,3.048579197381371159e-10,7.509248711954265857e-07,1.158760496522937306e-05,2.594393969661739121e-06,3.211059514429630453e-03,3.211132062461447695e-03,3.047987483740534440e-03,3.195172465960119910e-03
7.304687500000000000e-01,0.000000000000000000e+00,9.190962909472734873e-11,4.819003519671831911e-07,8.457141504602442536e-06,1.717512330832011784e-06,2.837120362830115611e-03,2.835903147984502985e-03,2.704190923251083636e-03,2.822682041199915410e-03
7.382812500000000000e-01,0.000000000000000000e+00,2.696181901975246854e-11,3.092559031323762335e-07,6.172392194435759311e-06,1.135943122971968549e-06,2.496358758436868601e-03,2.494040607698911911e-03,2.392175032031462409e-03,2.483491954590751928e-03
7.460937500000000000e-01,0.000000000000000000e+00,7.700728213324254605e-12,1.984626349240444591e-07,4.504882103712651000e-06,7.506369493930810450e-07,2.187444455810776470e-03,2.184223558599696340e-03,2.110134339048610856e-03,2.176228565012003433e-03
7.539062500000000000e-01,0.000000000000000000e+00,2.142746234957227997e-12,1.273618937005216135e-07,3.287860223360807789e-06,4.956119022004051827e-07,1.908837068850996986e-03,1.904913927066577634e-03,1.856172322051217191e-03,1.899309640579386477e-03
7.617187500000000000e-01,0.000000000000000000e+00,5.811846272469541405e-13,8.173353121710309602e-08,2.399624365345045695e-06,3.269730460777584258e-07,1.658836193262539340e-03,1.654407362330341394e-03,1.628344798915975361e-03,1.650995552335538571e-03
7.695312500000000000e-01,0.000000000000000000e+00,1.537485221230091153e-13,5.245187497710521093e-08,1.751350943863788426e-06,2.155554460489530285e-07,1.435628319583855681e-03,1.430880760558506624e-03,1.424697223478381359e-03,1.429437110585519023e-03
7.773437500000000000e-01,0.000000000000000000e+00,3.969137357676509723e-14,3.366059373252835214e-08,1.278212616768910168e-06,1.420037477322277040e-07,1.237329853594180918e-03,1.232435992220020380e-03,1.243296048639019749e-03,1.232719331061080635e-03
7.851562500000000000e-01,0.000000000000000000e+00,9.998374945917901092e-15,2.160143123445717239e-08,9.328955513509229479e-07,9.348673958869507311e-08,1.062025755640076848e-03,1.057139452318419607e-03,1.082254457466097063e-03,1.058900620096926704e-03
7.929687500000000000e-01,0.000000000000000000e+00,2.456048269732941848e-15,1.386255498327743406e-08,6.808680410680282028e-07,6.150693623945576643e-08,9.078034946071100383e-04,9.030571084628717920e-04,9.397528639802232723e-04,9.060470633322935050e-04
8.007812500000000000e-01,0.000000000000000000e+00,5.853536081611595864e-16,8.896189728753178568e-09,4.969273348919362887e-07,4.044226463977986416e-08,7.727821809103580528e-04,7.682848209767822621e-04,8.140546533129163886e-04,7.722616835394005346e-04
8.085937500000000000e-01,0.000000000000000000e+00,1.327573137878445194e-16,5.709062419979560943e-09,3.626793622050379610e-07,2.657642699518463060e-08,6.551368922609339309e-04,6.509738405779954499e-04,7.035176704574439780e-04,6.557086941825225179e-04
8.164062500000000000e-01,0.000000000000000000e+00,1.296938700274108355e-17,3.663747595201854845e-09,2.646993257386434030e-07,1.745496850762836683e-08,5.531183336255840943e-04,5.493515316605719102e-04,6.066019825213326460e-04,5.546329124136262050e-04
8.242187500000000000e-01,0.000000000000000000e+00,-1.437289295193040054e-17,2.351182289464520296e-09,1.931892218461132593e-07,1.145812896207758439e-08,4.650680774644764160e-04,4.617375035167295460e-04,5.218744358004131969e-04,4.673746065380951411e-04
8.320312500000000000e-01,0.000000000000000000e+00,-2.418583075512513031e-17,1.508853441620089722e-09,1.409980401381944469e-07,7.517796979995867428e-09,3.894297118111839442e-04,3.865554448056876861e-04,4.480105104142433027e-04,3.923801382989781797e-04
8.398437500000000000e-01,0.000000000000000000e+00,-2.309113564450744713e-17,9.682952820996767213e-10,1.029066624440950872e-07,4.930139049751311254e-09,3.247562827749351328e-04,3.223410418242668375e-04,3.837939455720313763e-04,3.282088206547015014e-04
8.476562500000000000e-01,0.000000000000000000e+00,-3.037854615691729431e-17,6.213961789991989197e-10,7.510595099440527320e-08,3.231679401247050012e-09,2.697144560745261808e-04,2.677464176513914655e-04,3.281145712131464543e-04,2.735364489909953753e-04
8.554687500000000000e-01,0.000000000000000000e+00,-1.679080476058098096e-17,3.987763116985607883e-10,5.481583464415598257e-08,2.117416015092278662e-09,2.230858413069312484e-04,2.215415594242597767e-04,2.799647397261446555e-04,2.271559804401819386e-04
8.632812500000000000e-01,0.000000000000000000e+00,-1.543161847346052649e-17,2.559117067376348353e-10,4.000730175832230872e-08,1.386758200786106878e-09,1.837659252586638079e-04,1.826132089343537402e-04,2.384347071348026864e-04,1.879758350655636563e-04
8.710937500000000000e-01,0.000000000000000000e+00,-1.882613368931270754e-17,1.642294431242358131e-10,2.919949904832087303e-08,9.078608559633930536e-10,1.507610493621019867e-04,1.499616819460711421e-04,2.027072685103612664e-04,1.550162771622534154e-04
8.789062500000000000e-01,0.000000000000000000e+00,-1.079830068511809162e-17,1.053930681356839459e-10,2.131164624315151669e-08,5.941127380209340232e-10,1.231838441419503671e-04,1.226960584482662928e-04,1.720519089462112900e-04,1.274043079101206202e-04
8.867187500000000000e-01,0.000000000000000000e+00,3.457610076495031672e-18,6.763530677426887035e-11,1.555495806229731037e-08,3.886478608690933137e-10,1.002475029025109125e-04,1.000281532271836659e-04,1.458186903406139164e-04,1.043674650794469987e-04
8.945312500000000000e-01,0.000000000000000000e+00,-5.219364891782551361e-18,4.340460676770753788e-11,1.135376568767283674e-08,2.541490252136444109e-10,8.125924053619616098e-05,8.126563688541654524e-05,1.234320562588740310e-04,8.522688423885722473e-05
9.023437500000000000e-01,0.000000000000000000e+00,4.157780705196382284e-18,2.785482811468772075e-11,8.287949881815646957e-09,1.661395339241535964e-10,6.561324352294773483e-05,6.580463437680702111e-05,1.043847027845056755e-04,6.938993148997602304e-05
9.101562500000000000e-01,0.000000000000000000e+00,2.518975809571726174e-18,1.787601508460543936e-11,6.050929064140021037e-09,1.085724666080247136e-10,5.278337598727258579e-05,5.312208348229956846e-05,8.823163277885436907e-05,5.634267237799205281e-05
9.179687500000000000e-01,0.000000000000000000e+00,-9.147120172682192858e-19,1.147240507144424617e-11,4.419001152878396725e-09,7.093229110504023310e-11,4.231586581906953358e-05,4.276809124067364794e-05,7.458448442203901110e-05,4.564239717098510013e-05
9.257812500000000000e-01,0.000000000000000000e+00,9.562716203101449322e-19,7.363276072571901239e-12,3.228973356904611920e-09,4.633133331591936285e-11,3.382215574999600553e-05,3.435848366656466310e-05,6.310620223239878427e-05,3.691038066059292179e-05
9.335937500000000000e-01,0.000000000000000000e+00,-3.540466840167585140e-18,4.726802288213935751e-12,2.361842896621288431e-09,3.026031458272516792e-11,2.697206798908116047e-05,2.756770432951298206e-05,5.350609977822022421e-05,2.982501613904416186e-05
9.414062500000000000e-01,0.000000000000000000e+00,-2.498103987431756925e-18,3.035688961498757009e-12,1.730896726000093703e-09,1.976867853725461180e-11,2.148739833184292936e-05,2.212218143548115730e-05,4.553534775195010347e-05,2.411542902723525907e-05
9.492187500000000000e-01,0.000000000000000000e+00,6.545259394922645704e-18,1.951713427083329426e-12,1.273040227978908427e-09,1.292720930308509995e-11,1.713602705578433675e-05,1.779425156975073801e-05,3.898290867380157474e-05,1.955564621908829266e-05
9.570312500000000000e-01,0.000000000000000000e+00,-6.193448043892157768e-18,1.258080578084567365e-12,9.424877527556136845e-10,8.476010586824274910e-12,1.372660964547390154e-05,1.439670158421611831e-05,3.367192990317966248e-05,1.595937274252935456e-05
9.648437500000000000e-01,0.000000000000000000e+00,8.616308740353712655e-19,8.160638447027187564e-13,7.061840528078802893e-10,5.594205930119847246e-12,1.110389047869213188e-05,1.177796835410309314e-05,2.945659952766688496e-05,1.317540775637406739e-05
9.726562500000000000e-01,0.000000000000000000e+00,6.184982426956674694e-18,5.372598802614137579e-13,5.404987581409348404e-10,3.749636074969117164e-12,9.144666904296383704e-06,9.818019183078206214e-06,2.621946473778005609e-05,1.108371695698027077e-05
9.804687500000000000e-01,0.000000000000000000e+00,-8.030078147622611979e-18,3.659078918723914404e-13,4.288633392880828652e-10,2.601267446786069322e-12,7.754419360618139827e-06,8.424923212039522064e-06,2.386920915921565456e-05,9.592167767560188526e-06
9.882812500000000000e-01,0.000000000000000000e+00,-2.100809093741509271e-17,2.677374818578474311e-13,3.601142543640391351e-10,1.936561518772995306e-12,6.864614916771976295e-06,7.532115848337622413e-06,2.233888399615797723e-05,8.633926732194436015e-06
9.960937500000000000e-01,0.000000000000000000e+00,1.531842971711845651e-18,2.231145682148728424e-13,3.273765948763992513e-10,1.632394146328735603e-12,6.430686383160096376e-06,7.096353428662702889e-06,2.158458745041764822e-05,8.165514771694911238e-06
